userName,score,at,content
Dede Ajha,3,2026-05-07 08:25:43,"gak ada bonus, dibspbu sering eror"
Ahmad Dorasa,5,2026-05-07 07:59:46,sangat bagus
Fikri Amuraloh,5,2026-05-07 07:55:05,"min mau tanya gimana cara dapetin barcode lama kita karena waktu pembelian solar barcode susah terdeteksi, file yang lama hilang hp hancur kelindes truck"
Husen Husen,5,2026-05-07 07:49:09,sangat bagus
Yanuar AL_El,5,2026-05-07 07:29:34,mudah vepat
leni suryantari,5,2026-05-07 07:29:33,sukak beli bensin ga pake antri😁🫶
Najwa Q,5,2026-05-07 07:28:31,sangat membantu
PT Mitan,5,2026-05-07 06:15:42,mantap
Marlina Yan,1,2026-05-07 06:00:02,untuk verifikasi saja butuh 14 hari kerja. entah apa kerja org pertamina ini. nyusahin rakyat saja.
Tabul 666,5,2026-05-07 04:20:40,good
Darto Sari,5,2026-05-07 02:27:49,Pertamax plus
Teddy Adrian,5,2026-05-07 02:24:56,bagus
Anselmus Mahartiara,2,2026-05-07 01:56:26,verifikasi data terlalu lama sehingga menyusahkan dan kurang membantu
Supri Yanto,5,2026-05-07 01:54:46,mantap
Ahmad Ipandi,5,2026-05-07 01:19:51,"Pertamina tolong adakan pembayaran via kaspro Maxim,,,,aplikasi gojek yg lainnya udh ada via pembayaran nya diaplikasi Pertamina terimakasih"
Achmad Shaka,5,2026-05-07 00:58:15,sangat memuaskan
agung sukarno,1,2026-05-06 23:47:47,mempersulit kali lah apk ini buat urus barcode
Rahmat Hidayat,5,2026-05-06 22:43:18,mantap
Realme Note 60,1,2026-05-06 22:27:59,"aplikasi tolol, giliran mo payment error mulu"
aditya taru,5,2026-05-06 22:21:26,"k l eh ee0ccc Vvhhgvei bkn ga nd, ny"
Iis Herisna Agustyani,1,2026-05-06 19:43:05,Verifikasi selalu ditolak.
Ady,1,2026-05-06 19:13:00,"kacauu buruk pengalaman saya di apk my pertamina ini, saya beli bahan bakar pake apk ini dengan metode bayar BCA one klik, transaksi di saya berhasil, tapi di mesin SPBU gagal, dan uang saya di rek sudah terpotong,, jadi saya membayar dengan QRIS sebagai ganti nya.. uang saya hilang terpotong begitu saja, SANGAT BURUK APK INI, BUKAN ORANG NYA SAJA YANG KORUPSI, APLIKASI NYA JUGATERNYATA NI MYPERTAMINA, BURUK SISTEM KORUPSI."
Wahyu Rinaldi,5,2026-05-06 16:41:36,Sangat puas
Imam Firdaus,1,2026-05-06 16:30:23,"admin my Pertamina pasti pengguna diesel semua. nyatanya biosolar masih bisa di perbolehkan untuk kendaraan mewah. yakali Innova Fortuner Pajero ,modif heron isi biosolar tidak di blokir"
Aditya Bagus M,1,2026-05-06 15:56:27,"ayo lahhh berbenah, pake vendor suasta yang profesonal"
Muih Muihyanti,5,2026-05-06 15:13:18,mantab karyawan nya banyak dan pompa nya juga banyak
Aldias Akbar,5,2026-05-06 15:12:55,baik data nya ada yang belum
Azmi Pamuncak,5,2026-05-06 14:46:32,bagus
EDIT SEMBARANG,1,2026-05-06 14:41:09,"aplikasi yang kadang kadang kalau mau bayar , koneksinya lelet , tidak bisa di andalkan karna di belakang pada ngantri. bukannya cepat malah lama."
mi islamiyah Soso,5,2026-05-06 12:48:02,oke
Onny Agustine,5,2026-05-06 12:21:02,mudah dalam transaksi
Ardiansyah A2,2,2026-05-06 12:12:53,"saya sudah memenuhi semua persyaratan untuk daftar bbm subsidi kenapa selalu ditolak?,,,terus di persyaratan stnk dan foto mobil yg ada cuma opsi ambil foto gak ada opsi pilih gambar emangnya harus ambil foto mobilnya secara langsung ya?"
agus supriatna,1,2026-05-06 11:21:55,aplikasi lemot
Daryanto Ismartoyo,5,2026-05-06 10:17:13,Praktis & efesien 🙏
ARDI AZA,5,2026-05-06 10:09:25,ok
Ali Imam,5,2026-05-06 09:41:54,top
Fienda Oktavia,1,2026-05-06 09:12:56,WOY MY PERTAMINA ! gausah nyusahin mau ngisi bbm aja ribet pake di tolak segala udah nunggu 14 hari. yang bener dong apilikasi gausah nyusahin orang !!!
Dede Yudha,1,2026-05-06 06:05:46,"Ruwet, dari sini mesti konfirmasi di email, WA dan seterusnya bolak balik, padahal mau registrasi ulang subsidi tepat Pertalite untuk mobil Toyota kijang tahun 1988. sebulan, masih gagal2 terus untuk registrasi ulang"
29 Fadli Dg Ngempo Rewako Gowa,5,2026-05-06 05:40:35,mantap
Sipajok Hutasoit,1,2026-05-06 05:29:32,"daftar barcode solar buat mobil truk, 15 hari gak jadi, nyusahin masyarakat kecil"
Yon Sutejo,1,2026-05-06 03:27:52,sudah memasukkan no hp dan pin yang benar. tp keterangan salah . kita mau ganti pin. OTP gak masuk2 ke wa atau sms.. gimana ini solusinya
iip m q,5,2026-05-06 03:26:06,"Bagus,, bermanfaat, tapi sayang promo nya berkurang,"
ariyadi gio,1,2026-05-06 01:35:51,sudah berkali-kali disuruh Poto ulang dengan alasan Poto hasil editan. eh pas kita chat 135 yg kita tanya nopol kita malah dijawab nopol entah punya siapa. bum in
Aldi Putra,1,2026-05-06 00:44:13,"Digitalisasi tapi verifikasi data mungkin cuma beberapa orang dari jutaan kendaraan. bisa-bisanya pajero, fortuner, innova dapat subsidi solar. harga kendaraan mereka ratusan juta, mobil pribadi pula. semoga ada indikator yang lebih jelas dan tegas, karena udah mulai bagus yang solar langsir di stop."
Rahmat Juliansyah,5,2026-05-05 21:53:21,cepat dan tepat
Fitrirani Belilik,5,2026-05-05 15:37:30,belom ada Qd barqode
Teratai Chanel,3,2026-05-05 15:35:12,Aplikasi nya Susah di pakai
Dwi Mark,5,2026-05-05 14:20:46,Berbahaya!!!
Restu Jaya Putra,3,2026-05-05 12:23:22,"tolong di pengambilan foto STNK dan mobil ada pilihan galerinya, biar kalau pembaruan unit lagi diluar bisa langsung diperbaharui"
Linda Anggra Suwandi,1,2026-05-05 12:06:37,gilaaak yaaa.. daftarkan diri aja susahnya minta ampun. verifikasi di tolak mulu. heran. katanya disuruh pake barcode. giliran isi data malah dipersulit. kalo sistem lo blm bener.. gausah nyuruh masyarakat pk aplikasi ini!!! aplikasi lo aja error mulu. hidup di negara sendiri aja dipersulit mau isi bensin.
Jhonie Permata,1,2026-05-05 10:44:25,pelayanan sangat lambat. segini masyarakat beli. pelayanan nya di lama2in. sampe ngantri melngular nunggu 30 menit. ini berlaku di semua Pertamina seperti nya. tolong dong perbaiki kualitas pelayanan.kami beli bukan gratis
Sujud Hasyanudin,5,2026-05-05 07:22:15,membantu
obii-kun,1,2026-05-05 03:44:09,"pembuatan barcode ribet, udah nunggu verifikasi lama tau2 ditolak, kalau cuma foto kendaraan kenapa ngga dari awal aja nolaknya? tolong di benah i"
Komarudin Komarudin,1,2026-05-05 01:13:44,"saya kecewa sangat2 kecewa ketika saya menggagalkan transaksi atas pembayaran (alasan internet lemot) tapi voucher nya tetap terpakai kejadian tersebut spbu 31 jkt. sampai sekarang tidak ada tindak lanjut. Di Email gak direspon, ditelp menghabiskan pulsa. Tlg dong pihak mypertamina, tindak lanjutnya gimana voucher yg sudah saya beli??? aplikasi kotor jijikk"
Atek Phonix,1,2026-05-04 19:03:41,ribet susah di uruskan orang malah ketipu cocok buat orang pintar
M REZA MAULANA,1,2026-05-04 14:52:07,kenapa suka error terus sih min Waktu ngambil foto KTP nya
Raudhah,2,2026-05-04 05:35:17,sampah.
Kurniawan,1,2026-05-04 05:19:12,sistem nya kurang bagus data kndaraan trdaftar di samsat malah ditolak kndaraan tidak terdaftar database ngaco
Wahyu Firmansyah,1,2026-05-04 04:52:37,ga berfungsi error terus ulangi beberapa saat lagi
Wisnu Kanza,5,2026-05-04 03:25:59,ok
Hafit Setiawan,5,2026-05-04 03:15:24,"sangat membantu, terimakasih"
Gum_ Gumilar,1,2026-05-04 02:22:35,daftarkan barcode udah 10 hari tidak di verifikasi mohon bantuannya sistem di permudah lagi kasian yg urus barcode
ayik dwi cahayanto,1,2026-05-04 02:05:28,saya mau daftar barcode lamanya masyaallah udah 14 hari belum jadi jadi gimana ini??? kirim email tidak di balas. kirim chat WhatsApp tidak ada CS yg balas.. parah lama sekaliii... dan mau buat PIN tidak bisa terussssssssssss .. nb: data ku lengkap dan sangat jelas !! saya kasih bintang 1 karena tidak ada kejelasan dan pelayanan sangat buruk tidak ada yg bisa di hubungi....
Alex sidabutar sidabutar,5,2026-05-04 01:35:10,bagus sekali
Didi Mulyadi,1,2026-05-04 01:27:00,gk guna mau daftar barcode juga slalu ditolak
Slamet pangestu,2,2026-05-03 15:50:28,dari 21 april sampai sekarang 3 mei pukul 22.48 masih menunggu verifikasi 😩
Djoni Karim,5,2026-05-03 14:17:46,aplikasi bagus fan membantu terutama mencari lokasi SPBU
Andri,5,2026-05-03 12:42:57,sangat memudahkan d saat tidak membawa uang tunai n bisa kumpul kan poin
Erik P,5,2026-05-03 12:31:28,Bagusss
Didi Wibawa,2,2026-05-03 11:14:45,Ribet aplikasinya
Ruly Megawati,5,2026-05-03 11:10:49,ok
Udo Pendi,5,2026-05-03 05:12:07,bacode terblokir
Lubang Kanciang,1,2026-05-03 04:16:32,"aplikasi sampah, bisa"" nya foto mobil kendaraan ngga sesuai...dan bisa juga datanya mobil roda 10 tapi foto mobil nya LCGC jebol..kan tolol yang buat aplikasi ini"
Arizal Taufik Ivan M,1,2026-05-03 03:34:35,"sekarang foto harus langsung, gak bisa lewat galery lagi"
RONI RAGIL S,3,2026-05-03 03:29:19,Nunggu verifikasi aja lama bgt
Mr.Ryman99,1,2026-05-03 02:42:05,"Aplikasinya ga jelas udah nunggu 14 hari malah ditolak verifikasinya,pdahal udah bagus semuanya,fotonya dan lain lain,dan kenapa harus nunggu 14 hari"
afen official,1,2026-05-03 01:06:13,"aneh aplikasinya, data tidak ditemukan"
Fahim Huzair,1,2026-05-02 23:32:41,"udah beberapa kali gagal , foto udah bener STNK juga udah masih aja gagal hadehh payah"
agus D,1,2026-05-02 23:21:59,Ada2 aja. Bikin ribet👎👎👎. susah login...
Nursalim Nanung,5,2026-05-02 22:38:55,"sangat membantu masyarakat yang membutuhkan subsidi yang tepat untuk kelancaran dan mengembangkan usahanya, program ini diharapkan untuk tetap dipertahankan pemerintah siapapun yang memimpin negara ini."
Alam Setiawansyah,5,2026-05-02 21:56:59,aplikasi ini cukup membantu
Wawan Henk,1,2026-05-02 17:28:11,Untuk Area kota palopo Error terus kalau di tanya bisa bayar pake apk mypertamina atau karna saya pakai motor jadi tidak bisa?
Robi Kusbiandi,5,2026-05-02 14:08:56,mudahhh
Ari Kurniawan,1,2026-05-02 12:28:09,"sdh pernah punya qr dan di print, tp rusak pas masuk data yg sebelumnya tdk ada, bikin qr baru susah nya minta ampun, gagal verifikasi ktp keterangan bukan foto ktp langsung tp dr layar, padahal jelas2 foto bbrp kali sampai yg ad tangan nya jg ttp gagal verifikasi dgn ketrangan bukan diambil dr ktp asli, emang ga niat ngasih subsidi buat masyarakat, payah....."
sword shield,1,2026-05-02 12:08:26,mau masukkan metode pembayaran selalu gagal. Email CS jg lambat respon
geraldi suryaputra,1,2026-05-02 11:32:17,"tolong ini kenapa setiap verifikasi data kendaraan selalu gagal yah, padahal sudah berkali"" di foto tetap gagal terus. alasannya selalu nomor kendaraan berbeda."
Badru Dhezta,4,2026-05-02 09:31:20,baik
Aji Fernandez,2,2026-05-02 08:14:03,"daftar subsidi tepat jangan dipersulit min... mau buat barcode pertalite, sistem masuknya dipersulit...."
Nato Ilusi,1,2026-05-02 08:06:47,kga kenal mobil apa gimana. poto kendaraan doang ribet nya ngulang trus. udah jlas nopol sama merek mobil juga bentuknya bgitu depan samping. ribet bgt
Ratu M,4,2026-05-02 07:53:01,min. saya salah kirim email. kode perifikasinya ke kirim email yg salah jadinya. gimna min solusinya?
Muntashor Amin,3,2026-05-02 05:51:20,kenapa kok tidak bisa laporan viaa video call. ???
Frans Toding,5,2026-05-02 05:40:00,5 binrang
ngoprek channel,5,2026-05-02 05:25:22,Sukses dan jaya
Joni Achmad Saputra,5,2026-05-02 02:50:56,"terima kasih.,,"
Ahmad Maisuri,5,2026-05-02 01:15:02,mohon aplikasi barkote nya jangan di bikin susah bikin nya sih kan mau beli BBM. bukan korupsi. in BBM.
Sies Wandoyo,5,2026-05-02 01:10:05,blm dapat barcode
Ayuk Sukma,4,2026-05-02 00:13:15,ok
suryadi zakaria,1,2026-05-01 12:58:29,"sudah registrasi, tp setelah verifikasi berhasil malah ket yg muncul ""barcode anda di blokir"". pertamina ga jelas.."
poltak suadiman,5,2026-05-01 10:52:10,Chrome ada untuk apa saja Chrome membantu MyPertamina mewujudkan subsidi tepat. Terima kasih Chrome.
eddy wamese,5,2026-05-01 07:27:33,sangat membantu dalam pengisian BBM
Ian Budi,5,2026-05-01 06:23:26,"Alhamdulillah sudah dapat digunakan kembali🙏🏻 terima kasih, buat mbak ² operator terimakasih 🙏🏻 layanannya baik meski berulang kali telpon karena kendala jaringan dan kendala pulsa tetap sabar🙏🏻"
Bagus Mustofa,1,2026-05-01 06:09:48,aplikasi ribet
AR raven,1,2026-05-01 05:57:46,"gak jelas, sudah lama pakai tiba2 data bisa hilang semua"
Ateem Ahmad,5,2026-05-01 05:38:19,alhamdulillah.. aplikasi dan barcode aktif kembali.
Sumarto radenbejow,4,2026-05-01 05:23:42,akurat sekali
Agusta Fathullah,5,2026-05-01 04:07:58,bagus
Roni Hermawan,1,2026-05-01 03:50:23,"saya tidak bisa ubah data kendaraan biosolar,. mau diUbah udah keluar aplikasi terus,."
Eko lass,5,2026-05-01 03:40:52,bagus banget berfungsi dengan baik
Engkok Icol,5,2026-05-01 01:48:29,layanan call center 135 kenapa harus berbayar?
Ihwanur Rifqi,1,2026-05-01 01:31:36,penanganannya sangat lelet Konoha emang beda!
arno njang,5,2026-04-30 17:17:39,alhamdulillah bagus
Dadut @gmail.com,5,2026-04-30 16:26:35,puas sekali
Andi Arif,5,2026-04-30 16:14:28,Aplikasi yang bagus untuk kemudahan transaksi pengisian minyak pertalite dan lainnya. Bayar bisa cashless dengan E- Wallet yang terhubung dengan aplikasi. Good job
David Harmanto,4,2026-04-30 12:16:11,bagus
Fadly Roy,5,2026-04-30 11:17:17,keren
Tengku Aziz,5,2026-04-30 10:29:43,asik
wahyudi yoe,1,2026-04-30 07:35:54,sistem kacau
Yun Heri,1,2026-04-30 07:24:29,nik tdk terdaftar padahal di profil sd ad
Revandi Akbar,1,2026-04-30 07:21:30,Tolong tim verifikasi di tambah dong. masa verifikasi aja butuh 14 hari? saya udah 5 hari blum terverifikasi. aneh2 aja
Rachmat Yanto,5,2026-04-30 02:52:46,mantapppp
Aprianto Yanto,3,2026-04-30 00:42:52,"semenjak kenaikan Dex series dan juga pertamax turbo, verifikasi barcode menjadi lama dan juga jika verifikasi di tolak lalu di benerin lama lagi verifikasi nya mungkin supaya orang² membeli bbm non subsidi. bukannya mempermudah malah mempersulit dengan barcode padahal kita beli."
Rahmat Hidayat,5,2026-04-29 16:29:42,bagus
Fadlan Mewar,5,2026-04-29 13:52:01,ok
Alfianto Pramono,5,2026-04-29 11:53:57,nice service
Mahadhir Muhammad,5,2026-04-29 11:20:30,semoga dipermudah dan lancar
Aldeni Zaidarlis,5,2026-04-29 08:18:49,menarik untuk di baca
Mr. Bontot,1,2026-04-29 07:24:16,"kendaraan terblokir di subsidi tepat dengan alasan penyalah gunaan/pelanggaran,padahal kendaraan tidak pernah melakukan apapun,sedangkan penyanggahanya sangat ribet,pernah juga kendaraan sebelumnya barcode dari pertalite berubah bio disel,birokrasi semrawut aplikasih ikutan semrawut,sangat ribet"
Fadly firma Sandy,5,2026-04-29 02:27:09,bagus kali my pertamina ini
Agoes Nave,5,2026-04-29 01:23:36,kurang detail untuk pengecekan alamat SPBU jangan cuma kode SPBU yg tertera
Marzuki 1 9 2 2,5,2026-04-28 22:24:18,joossht
Diki Miftah,5,2026-04-28 18:05:07,sangat membantu
Rano Guess,1,2026-04-28 18:04:54,"Proses verifikasi lama banget harus nunggu 14 hari kerja, sesibuk itu kah admin my pertamina 😂"
Erfin Ey,4,2026-04-28 15:38:33,ini kenapa udah 3 hari ngk jadi jadi barcodenya saya butuh lo ini buat kerjaa masa sekarang udah ngisi bensin di susahin giliran udah bikin barcode ngk jadi jadi saya butuh buat kerja ini nggk cuma buat mainan
Muhamad Dardiri,1,2026-04-28 14:20:44,sulitnya minta ampun sudah semingguan perubahan barcode bio solar belum Ada kejelasan
Yasir Olii,1,2026-04-28 13:42:31,"mempersulit orang saja,di suruh daftar trus ribet yg jelas lahh buat apk"
Andri Yuniarto,5,2026-04-28 13:25:08,this good
Fariz Manz,3,2026-04-28 12:39:47,"Pada saat regristrasi pemgiriman OTP ke nomor HP via sms maupun WA tdk bisa, harus dicoba lagi di kemudian hari baru bisa"
Candra marito,3,2026-04-28 09:42:21,verifikasi lama
AHMAD HUFRON,4,2026-04-28 09:28:52,oke
zulfa hendri,1,2026-04-28 08:52:26,"saya coba pakai qris tapi gak bisa2 baca qr code dari spbu,akhiirnya saya pakai gopay baru bisa.tolong perbaiki lagi buat baca qr codenya ya.mau dapat poin malah gak jadi."
Alwan Haidar,3,2026-04-28 07:06:33,"tolong donk min kalau mau bikin barcode kaya dlu lagi cepet verifikasinya,, sekarang harus nunggu dlu 1 atau 2 hari baru jdi"
Imam Suhadak,5,2026-04-28 06:41:04,ok
Aristya Fauzi,1,2026-04-28 06:35:16,"mau update data diri untuk subsidi tepat gagal terus. barcode lama juga katanya suruh update, begitu di update malah hilang. gimana sih, tidak bisa mempermudah malah mempersulit."
Didi Gunaidi,5,2026-04-28 05:39:09,Ok
Joel Joe,1,2026-04-28 04:50:16,"aplikasi BUMN paling rumit yg pernah di ciptakan, banyak yang terkendala dengan pemutahiran data akun subsidi tepat secara pribadi, karena kebutuhan ambil jalan pintas akhirnya menggunakan jasa calo (oknum2 di SPBU/Pertamina)"
Achmad Nur,1,2026-04-28 04:15:41,susah sekali untuk daftar qr code. sudah dicoba selama 2 minggu. tetap tidak bisa. mohon diperbaiki.
AFIKA TINA,5,2026-04-28 04:01:29,mantap
erick kristian kanine,1,2026-04-28 01:42:56,sekelas Pertamina . masa iya aplikasinya ga bisa di maintenance. gw mau rubah nomor TLP supaya bisa tersinkron dengan Gopay . issue begini aja lu gabisam gaji lu pada gede2 loh. *Bekerjalah seperti lu bekerja untuk TUHAN* KALO MAINSET KERJA LU PADA KAYA GINI DIJAMIN KERJA LU PASTI BENAR DAN SERIUS
Testerd Xploit,3,2026-04-28 00:53:35,gagal memproses saat buat kode qr
Akbar Plur,1,2026-04-28 00:22:31,Belum tersedia pergantian nomor telepon di aplikasi. Heran dengan aplikasi plat merah (BUMN).
ARma Hendrawan,1,2026-04-28 00:06:07,"proses verifikasi kok sampe 14 hari , setengah bulan? lambat banget kinerja nya. la kayak gini umkm gak bisa kerja gara2 barcode suruh upgrade trs nunggu nya setengah bulan."
mawar hitam,1,2026-04-27 23:26:43,"berkali² daftar tidak bisa,aplikasi tidak berfungsi,aplikasi sampah. nyesel download"
Uche aiu,5,2026-04-27 23:18:37,baik
Malvin Leonardo wardono,1,2026-04-27 16:55:25,apk ga jelas Ingin melakukan pembayaran selalu gagal *sedang dalam gangguan* udah +- 3-4 hari begini terus lapor cs sarannya juga ga ada yang berfungsi tetep aja seperti itu dalam gangguan signal / saldo padahal signal bagus saldo cukup
Tessa Florence,1,2026-04-27 12:51:34,"tahun 2025 saya nggak bisa proses daftar,, dri mypertamina solusinya pun itu2 aja,, tahun 2026 saya mau coba daftar lupa password trus mau reset ehh gagal mulu,,serius nanya kalian bkin aplikasi mypertamina mempermudah kami atau nggak sih,, sistem kalian tuh kenapaaa, sdh upgrde aplikasi kirain yaa bakal lancar jaya,, ternyata masih sama aja"
Mansyur Noval,5,2026-04-27 12:38:25,"keren,, pakai my Pertamina transaksi jadi mudah tanpa ribet"
Agus Bonde,1,2026-04-27 12:21:03,"Parah aplikasinyaa, bikin susah rakyat"
Cary Futura,4,2026-04-27 10:08:22,Kadang error gak bisa ambil Barqot
Rinaldi Ilham,1,2026-04-27 09:50:25,"senin 27 april 2026 16:45 ngirim notif satu aja ampe spam 3x notifnya itu2 aja, ganggu orang aktifitas tau ga"
Buyung Pkp,5,2026-04-27 09:08:14,mantap
johan,1,2026-04-27 09:07:30,sebelum kasih bintang 5 karna nyaman ehh makin kesini makin ruet barcode data hilang daftar data kaga bisa bisa
trisaffana pelitausaha,1,2026-04-27 07:27:04,Aplikasi ribet
Angga Kusuma,1,2026-04-27 05:53:00,kenapa ya aplikasi dari pemerintah selalu susah diakses...niat nggak sih bikinnnya ini..masa saya daftar berkali kali gak bisa padahal NIK sam password sdh benar..kok bisa bisa nya gak bisa diakses..payah payahhh
Nur,1,2026-04-27 05:41:37,"mau menhubungkan email ke aplikasi tdk dapat balasn kode otp. sudah coba hubungi lwt email, DM IG, WA, sampai video call tp hasilnya nihil. Tidak ada balasan dan kejelasan"
Neng Wildatul Fadhillah,5,2026-04-27 04:41:31,min kenapa mau verifikasi email gak masuk masuk OTP nya. ?
Zweyy Bagong,1,2026-04-27 03:53:06,"apk gajelas, tolong gaji karyawannya di kurangi masa udah masukin Gmail tp codenya ga masuk masuk,udah daftar nik tetep ga ke konfirmasi TOLONG ADMINNYA INI DI BENARKAN.RESPON APKNYA DI PERCEPAT, emang bener bener kont yg buat kebijakan harus pake barcode ni"
Dwi Kurniawan,1,2026-04-27 03:17:28,"mohon diperbaiki aplikasinya, karna diminta untuk menautkan email tp kode Verifikasi OTP tidak mau masuk email"
Tama S,1,2026-04-27 00:18:20,"Gagal terus kirim data, OTP tidak terkirim ke email. udah lengkapi data, gagal terkirim terus. aplikasi gak jelas"
Abah Andri Azffa 37,5,2026-04-26 23:51:48,"Mohon Untuk Data Kendaraan yang sudah terdaftar Agar di jaga data tersebut jangan sampai daftar ulang kembali, Dan dipermudah untuk Menyambungkan Nomor Telp Akun MyPertamina dengan E-Wallet Gopay dengan nomor Berbeda seharusnya dapat di sambungkan agar transaksi menjadi mudah"
Akhmad Yuni,5,2026-04-26 22:52:57,top markotop
Richie Oetomo,2,2026-04-26 15:44:58,ga tau ya kenapa sekarang bbm pertamina dex naik nya hampir 10000 jadi 23 000an per liter minimal diturunin kek harganya gimana caranya orang yang pake innova fortuner isinya solar bukan dex apalagi kalo semakin ga berkualitas bensinya ga rusak kah itu mesin.
Marfianto Wahono (Pipin),5,2026-04-26 11:43:11,in sya ALLAH baguz
Deni Kurniawan,5,2026-04-26 11:23:41,oh susah banget
Puguh Widodo,1,2026-04-26 09:38:27,"sangat2 jelek sekali harus nunggu lama 14 hari kerja,,, ya ttep jalan pakai pertamax mypertamina aplikasi buang2 waktu"
Mul Yono,5,2026-04-26 09:17:02,mudah untuk melihat riwayat pembelian BBM
Restu Muhammad,1,2026-04-26 08:46:26,lemot ga guna
Soleh Alatas151,5,2026-04-26 08:36:44,barkot lama telah selesai
Supriadi Wijoyo,5,2026-04-26 07:59:30,"kenapa barcode isi BBM saya di blokir, apa salah saya.."
Artian,5,2026-04-26 07:42:43,Selalu update informasi umum.
Sari Official,3,2026-04-26 06:43:07,masih ada kendala dibeberapa fitur ex pin buat hubungkan error terus
Ridho Saputra,1,2026-04-26 06:09:23,"apk jlek minta kode otp email mo dftar barcode aj lma gjelas ni apk, tiap hari gw coba dri senin smpe minggu ini minta krim otp hmpir stgah jam krim ulang kode, gmsuk"" kode otp nya heran"
Rahady P.A,1,2026-04-26 04:09:02,Ribet buat daftar my pertamina!!
Ronnal Ricardo,1,2026-04-26 04:05:53,aplikasi nya jelek. banyak eror sama seperti yg buat aplikasi ini EROR orgnya
jefri bn,1,2026-04-26 03:54:47,low respon
Afrestian Ardy,5,2026-04-26 02:56:10,sangat susah sekali dapat barcode padahal mobil tahun lama
Rasma Oppo,1,2026-04-26 01:53:29,woe ini aplikasi yang bener la. masak mau buat barcode g ad otp masuk ke email buat verifikasi gimana lanjutnya. gak jelas bener . tolong la itu otp dikirim di email gimana mau lanjut klo g dikirim
Pekerja Keras,1,2026-04-26 01:36:38,saya mau buat aku tapi ngak ada cuman ada login sama registrasi
Hendrik Brispot,4,2026-04-26 01:35:57,untuk verif email kodenya kok gak masuk masuk ya min
Boo Nijo,1,2026-04-26 01:27:26,"barcode tiba2 tidak aktif, daftar ulang gagal terus alasan foto tidak sesuai"
Akib Latuconsina,1,2026-04-26 01:21:02,"Dari pihak SPBU bilang mypertamina cuma bisa sore, trus nggak bisa hubungkan ke pembayarn debit."
Iwan Nur,1,2026-04-26 00:30:36,"Byr pake ovo tp gagal terus, ga jadi isi bensin, pas buka ovo, malah sudah terpotong, sedangkan di my pertamina tdk ada transaksi hari itu."
Pak Seno,5,2026-04-25 23:12:38,mantap
Padil Muhammad,2,2026-04-25 21:49:58,varifikasinya sekarang lama
Dhea Amalia,1,2026-04-25 17:16:33,"sulit mendapatkan otp nyaa, lola bgt"
Hidayat RT,1,2026-04-25 14:55:35,"apliaksi nya gak bisa di pakai, kode OTP lewat email gak di kirim kirim, beberapa hari sudah di coba tetap aja gak di kirim kirim,"
rizki pratama,1,2026-04-25 13:23:30,"niat nggk sih bikin akun? udah ganti pun baru, login pake pun baru malah nggk bisa login juga. jangan sok canggih, kalo SDM belum mampu untuk canggih. tamplate jawabin komplain ""silahkan hubungin call center 135"". saat yg lain udah Terima komplain pake whatsapp biar cepat, kalian lebih memilih berbayar."
Markus marthen estrada mnsen,1,2026-04-25 11:34:14,APP SAMPAH salam dari hilir...aplikasi tidak berbobot sama sekali tidak befungsi di indonesia timur buat akun gk bisa..buat verifikasi kendaran tidak bisa..buat verifikasi subsidi tepat gak bisa..SAMPAH..
Supa Niaga,1,2026-04-25 11:22:09,nggak guna selalu minta kode otp pas mau verifikasi email tetapi kode otp nya tidak masuk akun email jadi mempersulit untuk verifikasi
anggadavid313 cadivus,1,2026-04-25 11:18:32,ini gimana setelah buat barcode lagi malah menunggu verifikasi lama sekali!!!!!!!!
Didik Didik,1,2026-04-25 11:04:49,"mau masuk aj gk bisa,"
Dicky Andika,1,2026-04-25 09:47:13,kode verifikasi gmail tak masuk masuk
Belajar Yuhuu,1,2026-04-25 09:45:57,bisa tidak kirim kode OTP ke email lebih cepat?? udah lebih 10 kali kode OTP tidak dikirim ke email
Wahyu Yondaime26,5,2026-04-25 06:42:07,good
ABRAHAM SETIAWAN,1,2026-04-25 06:39:15,KODE OTP EMAIL TIDAK ADA DI SPAM ATAU PUN KOTAK MASUK. SUDAH BANYAK KOMPLAIN DI BULAN APRIL INI TENTANG PRIHAL YANG SAMA. BENERIN LAH ASTAGAAAA
Akuwiii 377,1,2026-04-25 06:16:18,apk gk guna
ridwan ghuraira,1,2026-04-25 05:38:54,"mau verifikasi email aja susah nya minta ampun, kirim ulang otp muluk, tapi gak ada otp yg masuk di email"
riki sepratama,1,2026-04-25 05:32:36,"sudah instal aplikasi tapi pas minta verifikasi kode malah ga ada kode yang masuk ke gmail, sekalinya ada masuk udah hampir 6 jam, pas kode di pakai malah keluar tulisan kode kadaluwarsa , kalo ga niat bikin aplikasi jangan persulit seperti ini"
Bimbim Lgm,1,2026-04-25 05:27:55,"ngirim verifikasi email aja lama banget,,, aplikasi bukannya membantu malah bikin pusing. daftar barcode bersubsidi aja ribet banget..."
Yanz fishing canel,1,2026-04-25 05:11:30,system nya busuk
Mhd Ikbal,1,2026-04-25 05:04:08,apk gak berguna saya mau daftar untuk bisa menggunakan bbm subsidi tali gak bisa login karna tidak bisa masuk ke alamat email saya
Bima Bintang Logistik,5,2026-04-25 04:36:47,suka
Bradewa Garudatullah,1,2026-04-25 04:34:25,"aplikasi bangke, OTP gk ke krm krm di email ko cak kkkk"
Restu Gusti S,1,2026-04-25 03:43:51,verifikasi email susah udah dicoba bukan 1x aja tapi pakai email lain nya juga tetap susah
Finna Camellia,1,2026-04-25 03:35:00,buset niat kagak sih ni aplikasi di awal aja lancar daftar pas kedua buset lama bener sampai harus ganti hp ganti nmr sama aja jawabannya harus 1x24 jam telepon call center nya juga ga ada yg bener jawaban dan pelayanannya
Muhammad AMD,1,2026-04-25 02:41:42,Sekarang tiap pagi dibawah jam 10.00 selalu eror tidak bisa dipakai. percuma kasih poin dobel. pakai Qris gopay malah bisa
hoki laba,2,2026-04-25 01:05:09,ngirim kode otp ke email knp gk pernah bisa.. ?? payah
Fellie Bin,1,2026-04-25 00:16:59,"1 saja karena tidak seperti apk yg lama, mudah, kalau yang sekarang jangankan saya, petugas spbu pun menyerah membantu mendaftarkannya, selalu salah katanya dan ditolak terus jadi apk yg baru ini tak ada guna"
Iwan Puji,1,2026-04-24 23:48:54,susah sekali pakai banget cara daftar BBM subsidi.....
Radar Pentur,1,2026-04-24 22:24:21,otp imel gak masuk - masuk
Ramdhan Ilyas,1,2026-04-24 20:50:31,"mau daftar email malah gak dapat kode otp ke email,di ulang tetap gak ada kode otp masuk ke email.. parah"
Abie stiegma,4,2026-04-24 17:48:36,"kenapa ya 1 barcode bisa ada 2 mobil. ketika ahendak mengisi pertalite, ternyata barcode saya sudah ada yg memakai.. pdhl saya sama sekali blm isi atau blm pakai barcode hari itu."
Mastur Cms,2,2026-04-24 17:40:52,barkode saya malah eror kadi gk bisa di pake min
Mass Jenk,5,2026-04-24 17:16:06,sangat memudahkan kita dalam transaksi
Nana Supriyatna,5,2026-04-24 16:04:41,bagus
Edbert Linggajati,1,2026-04-24 15:42:35,"VERIFIKASI , OTP DIKASI WAKTU 30 DETIK , DIKIRIMKAN 2 MINGGU !!!! SCAM !!!!!!!!"
surya ndut,4,2026-04-24 15:05:04,"hallo admin apa bisa transaksi pengisian di beri keterangan pengisian bahan bakarnya di spbu mana, bnyak transaksi yang terdeteksi di aplikasi sya. karna jatah saya berkurang tanpa sya pakai."
O N,5,2026-04-24 13:46:18,Terimakasih sangat membantu
widi 333,5,2026-04-24 13:08:36,"kenapa virfiksi nya lama, sudah dua hari Masih menunggu"
Hendra Doni,1,2026-04-24 11:58:43,buat daftar susah buat bayar susah mau ambil barcode susah
wayan ardana,1,2026-04-24 10:07:28,buat barcode di persulit
Dwi Pusparani Irawan Irawan,1,2026-04-24 09:56:01,"tolong dong di bantu aplikasnya di bikin yg bener kalo memang barcode kita di haruskan update .. ini udah hampir 2 mgg semenjak barcode tidak bs di gunakan di SPBU yg katanya harus update ga bisa di gunakan aplikasinya.. otp email ga masuk2, pake data lama katanya ""tidak ditemukan"" jadi harus gimana ?? ko jadi di persulit"
Roma Andeska,5,2026-04-24 09:45:16,good
Habib And Friends,1,2026-04-24 09:36:39,proses verifikasi sangat lama
Eko Nur joko,5,2026-04-24 08:58:22,tingkatkan kualitas dan layanan
Alfimuftadi official,1,2026-04-24 08:57:04,"aplikasi ga jelas, di suruh verifikasi udah kirim dan berhasil, tapi pas kembali beranda, verifikasi data diri lagi. suruh verifikasi email, kirim kode otp tapi gada kode otp yg masuk"
anang boz,1,2026-04-24 08:46:35,"masukin OTP email.kenapa ga masuk2,,,,heran seheran2nya,,kenapa setiap aplikasi pemerintahan ko ada aja masalahnya....pada becus bikin aplikasi ga sih pemerintah."
Jhon Tral,1,2026-04-24 08:43:38,Pemakaian aplikasi yang sangat ribet dan menyusahkan rakyat. Aplikasi modus para koruptor.
Alfin alfian RS Hermina Bogor,3,2026-04-24 07:50:03,"daftar sulit verikasi email sulit , semua verikasi sulit"
Faris Ariandi,1,2026-04-24 07:25:05,aplikasi gak jelas gak bisa verifikasi email
Yogi Hidayatuloh,3,2026-04-24 06:36:08,otp email-nya gak muncul muncul sudah 3jam terus di coba gimana ini hadeuh
Restu Ananjar,1,2026-04-24 06:31:07,"nunggu verifikasi udah 4hari sampe sekarang,belum ada kepastian 👎🏻"
Irwansyah17 Irwan,1,2026-04-24 06:26:46,"point udah banyak mau nukerin voucher yg berguna swperti gopay, ovo, unipin ngak pernah ada. stock selalu abis. ANEH"
MEDIA NET,1,2026-04-24 05:41:03,daftar subsidi tepat susah sekali tidak ada konfirmasi masuk ke email. daftar ke pertamina langsung juga pakai email tapi tidak ada konfirmasi ke email sama sekali alasannya aplikasi sedang eror
Dzulfadhli Asyari,4,2026-04-24 05:38:42,OTP lambat skali susah login...
Yudhie Pw,1,2026-04-24 04:29:21,mentang2 non subsidi naik barkode dibikin kadaluwarsa. giliran mau daftar susahnya minta ampun. maunya apasih pertamina
kukuh stevig,1,2026-04-24 04:18:00,"Bukan malah mempermudah malah mempersulit warga,semua data udah sama semua,trus kalok mobilnya belinya bekas terus nama pemilik beda sama sebelumnya gimana,gagal terus jadinya,tolong dong di mengerti bukan malah mempersulit gini,makin lama kok makin sulit dah toololl"
Mukhtar Udin,1,2026-04-24 04:11:54,"susah untuk mendapatkan barcode,bolak balik foto katanya kurang jelas terus fotonya,bikin barcode susahnya minta ampun,kebanyakan karyawan tapi lelet"
Hisham Ramadhan,1,2026-04-24 02:47:52,aplikasi meyusahkan dah gitu aja
Arin Baru,5,2026-04-24 02:39:01,proses cepat
jose dwijaksono,2,2026-04-24 02:18:48,"aplikasi sering error (tidak bisa dibuka) ketika akan melakukan pembayaran, padahal sinyal bagus"
Andri Setiawan,1,2026-04-24 01:53:18,"aplikasi macam apa ini peraturan bikin nyusahin,sudah bolak balik daftar ga bisa,sudah Dateng ke pom minta bantuan juga ga bisa"
Yuni Syara Munte,1,2026-04-24 01:43:57,"ribet, kirim kode otp aja berkali2 nggak masuk. udh jelas2 alamat email aktif d bilng nggak aktf. sistemnya belum mampu nih. udh perbarui pswrd, ekh begitu lgsung mau login pswrd slh. coba LG tiba2 nik tidak terdaftar. nggak jelas"
Heber Simanjuntak,3,2026-04-24 01:37:30,"verifikasi email tidak bisa, berulang-ulang kirim OTP tidak ada email masuk sama sekali."
Sunarti Sabir,3,2026-04-24 00:27:11,tidak ada email masuk untuk lanjut otp daftar baru. harap dicek sistemnya
Rasya Ikhwan,5,2026-04-23 23:47:34,"saya coba mengaitkan akun dengan email kok gak bisa"" ya.. tidak ada kode yg diterima di emailnya."
Eli Eli,5,2026-04-23 23:43:40,mempermudah mengisi bbm
Hendra Dwi Hermawan,2,2026-04-23 22:44:01,ssh bgt mau cb daftar subsidi bbm..data sdh sesuai msh saja ditolak..
Nadia Rokhmah,5,2026-04-23 20:47:16,Siiip
herna agnaz,2,2026-04-23 20:36:50,menunggu verifikasi terlalu lama
WAHYUDIN,5,2026-04-23 16:09:39,ok
Abdul Wachid,1,2026-04-23 15:37:59,Aplikasinya gak bisa pembayaran lewat mypertamina . masih banyak SPBU yang gak ada mypertamina
Endang Lapulga,1,2026-04-23 15:27:22,"aplikasi sampah,masa verifikasi email aja gk nongol nongol kode otp nya"
Rendy Syafri,1,2026-04-23 13:48:41,"aplikasi nyusahin,, ditunggu-tunggu kode OTP nya di email ngk masuk-masuk... lama nyusahin jg pemerintah,, mendingan kek dulu ajaaa"
Oppoa17s 17s,1,2026-04-23 13:33:42,buruk
Bakery Roti,1,2026-04-23 13:27:05,sering error. naik harga dadakan
Selfi Boari,1,2026-04-23 13:03:21,lemot
Wayan Budi,5,2026-04-23 12:51:02,permudah dalam memperbarui data
Muhtamar Anjani,1,2026-04-23 12:41:30,"Aplikasi tdk guna, tdk bisa melakukan konfirmasi email untuk kode OTP"
Supriyadi 3106,5,2026-04-23 12:36:09,"lama sekali mendapatkan balasan emailnya nya, padahal data lengkap"
Setiawan Iwan,1,2026-04-23 11:45:34,verifikasi barkot lama cs di telpon sibuk semua habis pulsa belum berbicara sama oprator
Rismawan Purnama,1,2026-04-23 10:06:41,"nunggu verifikasi email aja nggak sampe"""
Tinky Moonzhy,2,2026-04-23 08:44:29,otp email gak masuk masuk
Haryo Widyatmoko,1,2026-04-23 08:39:11,pelayanan kacau. CS cuma sekali jawab habis itu tidak balas
Lim Guan Chun,1,2026-04-23 06:35:07,gak bisa di sambung ke gmail
Edy Surana,5,2026-04-23 06:28:31,"tolong di permudah lagi, semua ya udah bagus."
Taupik Marta,1,2026-04-23 05:40:19,"verifikasi emailnya ga bisa, kode OTP ga masuk, udah coba ganti email lain juga ga bisa, aplikasi payah"
Budak Rantau Sumedang,1,2026-04-23 05:22:21,"ini mau dapat Gmail vertifikasi knapa gak masuk terus sih,Gmail yg lain pada masuk"
Setia aji Pangestu,1,2026-04-23 02:54:53,apk kureng mendukung dan saat saya minta struk kosong mulu SPBU Pertamina uka Jambi tepatnya.
Jemi Fedmil,5,2026-04-23 01:55:51,mantap
Bungner Panjaitan,5,2026-04-23 01:45:08,seru
Wibowo,5,2026-04-23 01:41:29,ini kenapa min kok menunggu verifikasi sudah 7 hari ndk ada kejelasan dari pihak terkait..bahkan tidak ada fitur untuk memperbarui data atau verifikasi jika ada kesalahan saat mendaftar ulang karena data dihapus dari Pihak pertamina
nasrullah haranisya,1,2026-04-23 01:40:36,baru buka udah dibikin ribet negeri mimpi oh negeri mimpi
Dafin fathony,2,2026-04-23 01:36:59,sistem di pertamina nya sering error
De Fleur,1,2026-04-22 23:55:03,redeem poin merchandise tidak dikirim
romi pro,1,2026-04-22 18:56:56,ribet
Akhmad Gazali,1,2026-04-22 18:00:52,knp akun sy tidak bisa di hubungkan dgn gopay sy ?
Taufiq Rahman,1,2026-04-22 16:15:47,kok susah bangat sih cara masuk nya harus nya di permudah dnk
gunawan gunawan,5,2026-04-22 16:13:14,aplikasinya membantu sekali dalam pengisian bbm
Syazani Saja,1,2026-04-22 14:17:21,Tim IT nya ga kompeten.. mau daftar aja susah.. nyusahin rakyat
Rifah Anjas Sanjaya,1,2026-04-22 14:07:32,"gk jelas sistem barcode ini, ya kali verifikasi sampe 2 Minggu, pake barcode mobil laen pun gk bisa, tolong lah buat sistem itu yg solutif, jangan ngasal, 2 Minggu itu lama, masa iya mobil gak gerak selama 2 Minggu, cuma gara2 harus nunggu verifikasi"
MA'RUP JATI SUJATMO,5,2026-04-22 13:55:21,ramah petugas nya 😄👍
Sketsa al Mutaqin,1,2026-04-22 13:26:31,sudah ganti berbagai macam email tetap saja tidak dapat kiriman kode OTP susah sekali min
Gilang tripx,1,2026-04-22 12:57:43,Aplikasi lemot untuk nunggu balasan verifikasi!!! ampas banget.
Imam Syafi'i,1,2026-04-22 12:20:00,berkali kali daftar susah
andika b,5,2026-04-22 11:54:45,"kode otp tidak masuk ke email, untuk verifikasi email"
nurul anwar,3,2026-04-22 11:44:25,Kode OTP selalu Lambat masuk ke email Tolong d perbaiki sistem nya saya tidak bisa login dan verifikasi email jadinya
Maulana Hasan,1,2026-04-22 11:43:16,applikasi sampah..
ASENG DJACKY,1,2026-04-22 11:01:32,gak bisa daftar
Muhammad Ramsah,1,2026-04-22 10:37:22,"ini memang lamaa yaa kode otp nya muncul, harus nunggu 3 jam 5 jam 2 jam, emng seperti itu kahh aplikasi ini, mohon di perbaiki dong, agar kami enak dalam menggunakan"
WASIS WIYONO,2,2026-04-22 10:36:40,kenapa lama sekali prosea verifikasi nya. dlu hitungan menit bisa. ini sdh 4hri tnpa kejelasan
Faaz Daffin,1,2026-04-22 09:48:45,"payah apk nya, daftar aja susah bgt mempersulit rakyat yg mau cari nafkah"
Zaenal Subkhi,3,2026-04-22 09:10:12,Update subsidi BBM menunggu verifikasi lama
FATACH ツ 『 DJAUHARI 』,1,2026-04-22 08:16:12,gagal melulu
Khubul Fatoni,1,2026-04-22 08:15:31,"emang negara cm buat nyusahin masyarakat mau isi bbm aja di persulit, di tambah bikin barkot nya susah bedebaaah...."
Arip Boncos,1,2026-04-22 08:12:59,coba dong di permudah suruh di perbarui giliran di perbarui Poto STNK dan mobil selalu gagal coba dong jangan di persulit kami di sini beli ga ngutang
Fajar Hari,5,2026-04-22 08:04:44,gimana cara menghubungkan my pertamina ke gmail
CB Krebipeti Moto Vlog,1,2026-04-22 07:57:30,ribet banget bro
Arya,5,2026-04-22 07:15:03,terbantu
Raka-_,1,2026-04-22 06:06:17,mau buat akun minta kode otp via email malah gada yang berhasil dari 6 akun emailnyaa
Tegar Exki,5,2026-04-22 05:58:35,aku verifikasi email kok lambat banget sih
Deni Saepul Badri,5,2026-04-22 05:47:44,"hallo admin,,bisa ga kalo untuk verifikasi daftar subsidi di percepat,,"
De Wahyu Ne,1,2026-04-22 05:41:39,kacau parah sistem error parah
Albet Saputra29,1,2026-04-22 05:20:27,"aplikasi gk jelas , disuruh verifikasi otp di email, tapi ditunggu udah sejam otp gk muncul, gk jelas emang"
Anam 5758,1,2026-04-22 04:39:34,"gak aplikasi ,gak pemrintah sama aja payah. pas di jalan mau isi bbm tiba2 barcode minta di perbarui, skarang di perbarui sudah 3 hari nunggu verifikasi terus"
Luke Tucker,1,2026-04-22 04:30:37,aplikasi bobrok
Suparman Sm,5,2026-04-22 04:30:22,Manteep
Fahmi Zen,1,2026-04-22 04:28:10,gak bisa menghubungkan email pendaftarannya sulit banget
Rudy Rudy,1,2026-04-22 04:24:59,minta kode otp melalui Gmail sulit banget padahal SDH sesuai aneh.
Kkkk,1,2026-04-22 03:27:03,"ni aplikasi kalo ga niat bikin gausah bikin, login ke akun lama doang aja servernya lemot parah"
dedi febriadi,3,2026-04-22 03:19:00,sering gangguan
dina dini,1,2026-04-22 03:13:41,Aplikasi Gembel!
Deniirawan Bengkel tralis,3,2026-04-22 03:09:40,bagus
Zefry Hasan Channel (Zefry Hasan Channel),1,2026-04-22 02:46:20,"aplikasi paling cacat didunia.. sudah jelas kirim otp ke email, tapi di email gak masuk... kode qr harus di update pula.. jadi gak bisa isi BBM klo blom di update."
saiful arifin,3,2026-04-22 02:38:33,sangat susah mendapatkan barkot baru
Konjact Farm Boyolali Jateng,1,2026-04-22 02:31:26,saya daftar dari tgl 31 Maret sampai sekarang muncul notif. datar durung menunggu verifikasi
Cimot BEJO,3,2026-04-22 02:02:55,"proses acc untuk unit kendaraan baru sudah tidak secepat dulu, dulu 2-3 jam acc jika ada anomali upload pun feedback nya lancar sekarang perlu menunggu lebih lama 3-4 hari. Jika itu kendaraan bermuatan yang nb nya aktif dalam keseharian nya harus menunggu selama itu susah juga 😵‍💫"
Manggarai Indah,1,2026-04-22 02:02:14,"aplikasi bukan nya membantu masyarakat,malah bikin susah, berapa kali sudah saya coba gagal terus, apakah ini yang namanya membantu atau mempermudah masyarakat?"
hamdan mubarok,5,2026-04-22 01:56:12,pertamina ok
Alga Fani,3,2026-04-22 01:33:06,2 hari verifikasi email kode otp nya ga di kirim²..
kill killua,1,2026-04-22 01:11:57,"untuk cari spbu/spbu terdekat map.nya ngawur banget ngasih lokasinya, malah spbu yg bener"" dekat tdk masuk di list pencarian spbu terdekat"
Ronih,5,2026-04-22 01:03:41,Ok deh gan mantap barang ya gan mantap barang
Bang Bella,3,2026-04-22 01:02:16,"Ya Allah ini apk,saya di suruh menunggu verifikasi kendaraan aja sampe skrng blm blm juga ada kabar lama amat sih bos."
Sana 78,4,2026-04-21 23:41:27,daftarnya kok sulit masuk yaa...
Wahyu Prasetyo,1,2026-04-21 23:35:35,"Harus menunggu berapa lama untuk verifikasi, di era digital skrg seharusnya dalam 1x24 jam sudah keluar hasil verifikasi nya, saya menunggu sudah 3x24 jam status nya masih menunggu verifikasi, sdgkan kita perlu utk segera mengisi bbm, pertamina ngapain aja, lambat proses nya"
Paman Arab7,2,2026-04-21 23:26:52,"sumpah , udah 2 hari gua coba mau masuk pakai akun ku ini tapi gak muncul"" kode 6digit nya di gmail , kecewa sih"
Dimas,5,2026-04-21 20:11:30,"Jos, sekarang app nya lancar, qr code lancar, reset qr code lancar, bayar pakai mypertamina lancar, mangtap. Yang ngeluh sulit, ya makanya data yang jelas, pake scan jangan cuma foto buram, pengajuan klaim qr code mudah."
muh basori,1,2026-04-21 19:02:48,tak bisa menerina kode verifikasi email
GAGA GUGU,1,2026-04-21 17:24:08,admin 135 tidak berfungsi
Aji Surahman,1,2026-04-21 17:10:34,sudah pembaruan barcode dari plat hitam ke putih tinggal verif doang lama bgt fto dan data sudah jelas mengikuti petunjuk ini mobil buat kerja bukan nganggur tolong laah dipercepat verifikasinya
rizki tile,3,2026-04-21 16:57:53,reset email reset pin makan waktu . buat barcode kena tolak terus !!
Rhomi Tompel,1,2026-04-21 16:45:58,verifikasi email sangat lambat kode otp tidak keluar di email
Putra,5,2026-04-21 16:19:45,"ini saya daftar kok lama banget verifikasinya, masa harus tunggu 14 hari,, yang bener aja ini, solar mobil saya sudah habis gak bisa mengisi"
Sutiman Bagong,1,2026-04-21 16:08:46,cukup baik
Amrin Fauzan,1,2026-04-21 15:45:15,"kagak niat bikin aplikasi, setiap bikin barcode gagal mulu, dgn alasan foto stnk editan !!!"
Ki Deblenk,1,2026-04-21 15:43:30,apal nyusahin rakyat
shendy ilham,1,2026-04-21 14:00:09,"OTP KE EMAIL GA MASUK MASUK, GINI BNGT JDI RAKYAT INDONESIA ... RIBET"
Dikma Utama,1,2026-04-21 13:26:39,tidak menerima OTP email
fahmi amy,1,2026-04-21 13:25:08,aplikasi nyusahin
Ahmad Nawawi,1,2026-04-21 13:19:02,aplikasi gak guna
Abdul Nandar,1,2026-04-21 12:28:49,tidak bisa kirim otp
Riio Haii,3,2026-04-21 12:06:01,verifikasi gmail susah bener nunggu kode ke gmail lama masuk keburu kode kadaluwarsa
Ahmad Haikal,3,2026-04-21 11:51:22,"Kemaren Barcode saya kenak blokir, saya daftra ulang tapi Minta kode Verifikasi ke Email Kode nya ngak di kirim², di ulang terus sampai 5 hari ini ngak di kirim juga .. Maksud aplikasi nya ini gimana sih min.. saya butuh barcode itu untuk beli solar subsidi .. beli Dex lite usaha saya yg hancur .."
Sucipto Trek,5,2026-04-21 10:54:07,cara buka blokir BBM
Wahyono Yonky,5,2026-04-21 10:53:37,Lemot ....agar diperbaiki apk nya
Ocid Abdul Rosyid,5,2026-04-21 10:29:45,sangat membantu
Muhammad Shofi Mubarok,1,2026-04-21 10:25:50,Aplikasi responnya lambat.. layanan pengaduan tidak memadai.. padahal BUMN sumber uang ada dimana² ..cuman bikin susah aja kerakyat
Alfin Dwi Setiawan,1,2026-04-21 10:24:34,"verifikasi email nunggu sehari ga kekirim kirim email nya, kagak jelas"
Rangga alam Islami,1,2026-04-21 10:18:46,"aplikasi yg benar² buruk,data kendaraan hilang tiba² tanpa ada konfirmasi,buat data baru susahnya minta ampun..KLO belum bisa kerja cerdas dan cepat gak usah buat aplikasi,yg ada malah mempersulit bukan mempermudah"
Hs,1,2026-04-21 10:16:28,"Aplikasinya bukannya makin membaik, tapi makin parah. Verifikasi kendaraannya terlalu lama sekali dan menghapus barcore / qrcode seenaknya sendiri. kalau tidak mampu bikin aplikasi, jangan sok2an lah"
MUHAMMAD RIZKY BIMO ADRIANSYAH,1,2026-04-21 10:16:00,"Mau login ulang karena barcode bermasalah tapi udah coba verifikasi email dr kemaren gak bisa terus, nih sebenernya yang bermasalah email atau aplikasinya sih. tolonglah jangan mempersulit"
Rafi Rahfano,1,2026-04-21 10:12:27,"mau verifikasi kode otp dikirim 4 jam kemudian, masukkan otp nya malah kode sudah kadaluarsa, malah mempersulit"
Ade Raya,5,2026-04-21 10:03:02,mantap
Inri Tamonob,5,2026-04-21 10:02:56,butuh bantuan cara membuat barkot
Bakul Rodo,1,2026-04-21 10:02:37,susah banget
danny schesvenko,1,2026-04-21 09:48:19,"Menyusahkan masyarakat,perifikasi email susah,lambat respon"
akagami shanks,4,2026-04-21 09:44:38,aplikasi ini sulit sekali dapat otp lewat email
adesyahron,2,2026-04-21 09:34:16,"QR tiba"" kebelokir padahal ngak pernah nimbun solar daftar baru malah lama verifikasinya tolong verifikasinya jangan lama"" saya sekarang lagi butuh untuk pengiriman mau beli dexlite mahalnya minta ampun...."
prima kiddrock,2,2026-04-21 09:24:41,"2 dulu min. Terlalu lama loadingnya, saya pikir hp saya kentang ternyata saya buka app lain langsung wuzz. Coba diper-simple aja tampilannya biar ga berat. Ga enak sama operator SPBUnya harus nunggu lama."
Sandy Mokoginta,1,2026-04-21 08:35:23,"aplikasi konyol, paylater baru' bisa klo ada saldo di akun"
Dimas Abdul,4,2026-04-21 08:22:22,Makin susah Aja bikin Barcode ..padahal saya Unit Muatan sembako
Anwar Uyee 73,5,2026-04-21 08:07:24,mantap
Azer Muhammad,4,2026-04-21 07:54:12,mau ganti sandi tapi tidak dapat email bolak balik seperti itu tp tidak kunjung dpt email juga
Adi Sucipto,5,2026-04-21 07:46:24,admin tolong cara mengatasi kode barkot kendaraan pas di scan isi BBM ternyata sudah ada yg pakai. apa kesalahan dari operator nya atau memang ada yg pakai . alnya waktu tggu nya bisa sampai besok.
Emanuella d.,5,2026-04-21 07:42:54,bagus
RISZAL ADI NUGROHO,5,2026-04-21 07:23:37,kenapa menu subsidi tepat kagak bisa dibuka ?
Sudar Man,5,2026-04-21 07:18:43,Oto belum masuk feedback email lambat kadang seharian menunggu
Eka Firdaus,1,2026-04-21 07:03:18,aplikasi banyak Bug kode OTP lambat dikirim
Andi Andi,1,2026-04-21 07:02:53,"Saya daftar subsidi tepat. Minta verifikasi otp selama 1 menit, tetapi kode otp dikirimkan bisa lebih dari waktu yang diberikan. Minta jam 7an malam, kode otpnya dikirim jam 1 pagi. Sudah kadaluwarsa kode otp yang dikirimkan. Bagaimana solusinya?"
Rudi Biantoro,1,2026-04-21 06:58:45,"kode otp gk masuk2 baik ke email ataupun WA, aplikasi bapuk"
Mukti Ali Ridho,4,2026-04-21 06:57:57,Bintang satu
Coba Tebak siapa,2,2026-04-21 06:52:16,lemot apk cacat mohon di tingkatkan agar lebih mudah
Dony Kurniawan Dony,3,2026-04-21 06:44:53,verifikasi otp lama dan g ada kejelasan
Syarif Hidayat,5,2026-04-21 06:43:54,"Gk jelas kode otp tidak dikirim kirim, barkot kadaluarsa"
Najmudin,5,2026-04-21 06:41:33,kenapa email login kode subsidi tepat nya ga masuk² ?
Dede Dwi,3,2026-04-21 06:35:10,kenapa susah dapat kode otp sih
Abd Razak,2,2026-04-21 06:23:11,"kode otp untuk sesi login kembali, gak dikirim.. tolonglah"
Lee Serret D.Mercier,1,2026-04-21 06:18:31,"aplikasi gak guna tiba tiba barcode terblokir tanpa adanya pemberitahuan sistem ITE kalian bagaimana?kalo gak bisa jangan di serahkan kepada yg bukan ahlinya,apa gunanya daftar menggunakan nomor hp jika terblokir tanpa pemberitahuan sistem TERKOCAK YA INI app gagal"
Yoga Mahendra,1,2026-04-21 06:04:21,Verifikasi OTPnya lama
Farida Hanum,1,2026-04-21 06:02:22,otp nya tidak masuk padahal no nya sudah benar
Wahyu Diana,1,2026-04-21 05:49:41,mau bikin barcode.baru daftar di mypertamina code otp nya gak masuk2.tolong di perbaiki dong.
Bagus Firmansyah,1,2026-04-21 05:48:12,buruk sekali pas verifikasi OTP ke email lama ber jam jam sampai no otp kadaluarsa
yan prodika,1,2026-04-21 05:37:58,mohon info ini kenapa barcode nya gabisa ya.. trs begitu masuk mypertamina knp malah unitnya ga ada.. coba masuk hubungkan ke subsidi nya juga kenapa otp nya ga masuk2 ke email
Sutrisna Abu Dzar,1,2026-04-21 05:34:21,minta otp 3 kali tidak di kirim apk apa ini copot langsung
Dadan Maulana,2,2026-04-21 05:34:03,ini niat gak sih ngirim kode verifikasi aja lama banget gak dikirim kirim
Septaji Pradana,1,2026-04-21 05:22:13,aplikasi nyusahin orang
Agung Pramono,1,2026-04-21 05:21:48,"OTP kenapa tidak dikirim via wa ya,sudah 5x tidak dikirim juga"
sweet Dream,1,2026-04-21 05:00:34,gak bisa registrasi kode otp tidak masuk²
Ahmat Doni Rianto,3,2026-04-21 04:46:58,saya lupa pin. udah kirim verifikasi nomor. tapi belum juga dikirim kode OTP. udah berkali-kali 😭
Putrama Al arif,1,2026-04-21 04:46:09,NGIRIM OTP AJA SUSAH KALI!!! PECAT AJA CS NYA!!
Romli Vivo,3,2026-04-21 04:42:11,verif my Pertamina tidak kunjung masuk tolong diperbaiki min
reza rianda,1,2026-04-21 04:41:48,"tolong jangan mempersulit, ini kenapa barkode d blokir, di suruh memperbarui pun tidak bisa, rasanya pingin pindah negara"
Muchamad Lutfi,1,2026-04-21 04:37:02,"kirim kode otp via email aja susah banget, payah!"
ELYAS AGUS,1,2026-04-21 04:28:26,"eror trs ini apk g BS bantu klo ada trouble, barcode dhpus tiba2 tanpa kejelasan yang detail.."
Reno,1,2026-04-21 04:24:59,"respon admin kuranggg, registrasi tidak di layani, kode tidak masuk²"
Idhontz 68,2,2026-04-21 04:22:43,ini gmna akun subsidi tepat d hapus giliran minta yang baru kode otp tidak d kirim kirim
Gading Adikoputro,1,2026-04-21 04:16:31,"Bikin susah orang, ganti plat registrasi ulang repot"
Abdi syahputra Sasmita,5,2026-04-21 04:05:34,bagus
Jiwo Hadi Prayitno,1,2026-04-21 03:58:36,"ini niatnya buat mempermudah atau mempersulit rakyat sih,kirim kode otp waktu cuma 10 menit,ditunggu tidak masuk,giliran udah masuk, tidak bisa dipakai kadaluwarsa, sebenernya bisa bikin aplikasi tidak sih? kebanyakan korupsi bikin aplikasi jadi tidak jelas manfaatnya"
Cak Ruhman,5,2026-04-21 03:57:08,ok
Abida m,4,2026-04-21 03:41:18,kurang maksimal kecewa
Agung Widodo,1,2026-04-21 03:40:05,buat barcode aja sampe berhari hari .ga efisien ni Pertamina sangat mengecewakan..giliran buat di pom langsung hanya beberapa menit jadi
Rikky Rinaldy,1,2026-04-21 03:28:52,"susahnya log in, susahnya daftar, verifikasi lama x, cepet mati lah di buat pemerintah' buat akun susah' segalanya susah'"
Amri Bq,1,2026-04-21 03:28:05,"kode Verifikasi gak masuk masuk, bad service"
R 86,1,2026-04-21 03:20:55,"verifikasi email berulang kali, kode tetap tidak kunjung dikirim ke email"
Driver Dian,1,2026-04-21 03:20:16,OTP via email tdk bisa dikirim.
Adad Hidayat,1,2026-04-21 03:19:21,"gak jelas mau login aja susah,nunggu otp via email harus Berjam jam,giliran ada otp pas dimasukin gak bisa"
emon,3,2026-04-21 03:05:34,"kenapa susah sekali mendapatkan kode otp verifikasi email,padahal sinyal bagus"
Nikchi Ayu Octaviagnes,1,2026-04-21 03:04:56,"jelek, pengiriman kode tidak jelas, lama"
kacang sukron,1,2026-04-21 02:56:17,"kenapa data & barcode bbm subsidi langsung dihapus tanpa sosialisasi & diberikan dispensasi 1x pemakaian disertakan pemberitahuan saat pengisian??? saya sebagai driver dengan begini malah menyusahkan,mau pulang jadi tidak bisa pulang2 karena tidak bisa isi bbm . sdh 1 malam kode verifikasi dikirim tapi tidak ada sama sekali yg masuk. aturan yg bener2 merepotkan dan menyusahkan. hapus aturan barcode biar tidak menyusahkan begini."
suyatno suyatno,1,2026-04-21 02:54:51,"aplikasi yg tujuannya hanya menyulitkan saja. daftar berkalikali alasan penolakan tidak jelas fotonya padahal sudah dicek terbaca semua. terakhir coba, alasann penolaknnya tambah konyol, foto stnk mirip dengan foto stnk sebelumnya. lah memang mobilnya sama tp sebelnya daftar gagal. gak guna sama sekali"
endra Cahyo,1,2026-04-21 02:51:58,APLIKASI SAMPAH.... NIAT GAK SIH BIKINNYA??? TOLONG YA DI PERBAIKI KECEPATAN KIRIM KODE OTPNYA...LAMAAA BGT... GILIRAN KODE DI KIRIM PAS MAU MASUKIN MALAH EXPIRED... BUANG2 WAKTU!!! KITA INI BELI BBM BUKAN MAU GRATISAN!!! GAJELAS!!!
andi maryanto,2,2026-04-21 02:43:29,mengapa setiap kali mau bayar melalui aplikasi mypertamina sering gangguan kalau pakai operator telkomsel? maksudnya saat mau scan barcode selalu bermasalah menggunakan intertnet dari telkomsel itu kenapa ya??
Supriyati,1,2026-04-21 02:43:17,"Aplikasi lambat, tidak responsif dan tidak mempermudah pengguna"
putra sanjaya,1,2026-04-21 02:24:49,"kalo bisa bbm jenis subsidi di naikan saja, dan hapus sistim2 yg kalian bilang bisa mempermudah dan tepat sasaran itu, nyatanya di lapangan hasilnya 0 besar.. khususnya di wilayah sumatra, dan ada satu provinsi di wilayah sumatra yg memberlakukan salah satu sistim nyeleneh, harus wajib plat daerah tersebut yg berhak mengisi bbm subsidi jenis solar, untuk plat Luar daerah tsb gak bakal bisa isi bbm subsidi jenis solar, itu kan nyeleneh.. gak mikir gimana nasib para sopir yg dari luar daerah ..."
Kurnia Sandi bako,1,2026-04-21 02:24:39,otp yang masuk ke Email pada saat perbarui barcode tidak keluar
Yusuf,1,2026-04-21 02:16:36,kode otp 3 jam baru dapet..keburu kadaluarsa..kalah sama pinjol
eko mujianto,1,2026-04-21 02:13:50,"susah bgt dapet kode OTP nya, gmn mau login"
Rizal Zalukhu,1,2026-04-21 01:57:54,"verifikasi email aja bikin emosi, minta kode Verifikasi lelet banget. verifikasi tanggal 19 lucunya kode Verifikasi baru nongol tgl 20. kalau ga niat perbaiki ini sistem aplikasi, hapus aja"
acing M. Ainul Yaqin,3,2026-04-21 01:56:39,BBM non subsidi naik aplikasinya sangat lemot
Satrio Anom (Tiramizu),1,2026-04-21 01:49:29,"aplikasinya mempersulit dan semakin sulit login, secara tiba tiba dihapus 1 per 1 dan update lagi susaaaaaaaaah, setiap kali selalu perbaikan sistem,perbaikan sistem, perbaikan sistem melulu"
Romna Wow,1,2026-04-21 01:47:53,gangguan teruss sampe mampus ngisi aja di persulit
Dwi Rudik,1,2026-04-21 01:46:47,"Hari ini tgl 21-4-2026 , pukul 08:46 WIB Aplikasinya Lemoootttttttttt"
nur qoihar,5,2026-04-21 01:14:57,ini barcode sudah expired... TPI pengurusannya gagal terus... ini nyusahin rakyat kecil ini .. malah gak tepat sasaran
Asep Frenz,1,2026-04-21 01:01:50,"sekelas aplikasi pemerintah kok seperti ini,malu maluin ,,, verifikasi email saja gak pernah bisa,,,tolong perbaiki lah segera,,"
Muhammad Usman,3,2026-04-21 00:58:12,tidak bisa pake dana
Muhammad Faadii,1,2026-04-21 00:45:26,"aplikasi nya gajelas, verifikasi email udah 1 jam an gaada otp masuk, bikin barcode solar susahh"
No More,1,2026-04-21 00:43:14,otp datang setahun kemudian
Sugi anto,1,2026-04-21 00:33:32,"kenapa tiba tiba gak bisa barcode nya, di my Pertamina juga mau ngirim kode otp lama masuk nya"
andik gepeng,4,2026-04-21 00:30:35,semoga bisa
RiZaL mK!!!,1,2026-04-21 00:06:28,bikin susah
a.m.sangadji,1,2026-04-20 23:55:18,"Aplikasi gak jelas, gak masuk"" kode OTP nya benci kali sumpah."
Deni Inara,2,2026-04-20 23:55:02,gagal masuk trus 😔
Daniel ashadi Tobing,5,2026-04-20 23:51:19,ok banget
Zulkarnain,1,2026-04-20 23:22:58,nunggu kode otp terlalu lama...
meg21,1,2026-04-20 23:17:50,"mau log in ulang, verifikasi email aja untuk dpt kode otpnya ga ontime. kirim kode otp jam 16.00 masuknya ke email jam 20.00. begitu seterusnya. KENAPA NGELAG NYA LAMA AMAT YAAA??... sama aja ga bisa daftar baru buat dapat barcode dong. 😬.. pake 3 hp dng email beda, tp sama aja!!! buat verif otp ke email aja susahnya setengah matiiii 👎👎"
salman aziz,1,2026-04-20 22:17:09,aplikasi kaga jelas semuanya minim
Candra Halim,1,2026-04-20 21:56:54,daftar 2 mobil kenapa yg muncul cuma 1 ya. padahal 22 nya SDH terdaftar malah kode otp nya selalu SDH kadarluasa. gak BSA nyambung. miris amat Ama aiti kalian cma BSA nyusah i org saja
Budi Audaraono,1,2026-04-20 18:56:10,Kecewa banget mau verifikasi email tapi kode OTP nya delay banget gax masuk-masuk. Perbaiki lagi sistemnya
Muahamad Hanudin,5,2026-04-20 18:24:55,barcode sllu Ter blokir knpa ya pk?
ozie pratama,1,2026-04-20 17:01:50,"lama banget nunggu code verifikasi. giliran ada, malah kadaluarsa. huuuuuuuu. ribet"
Alwy Jepara,5,2026-04-20 15:49:34,ok
Jatnika ali ibrohim,5,2026-04-20 15:11:32,keren
Nurma Rosliana,1,2026-04-20 14:51:39,lelet abis OTP aja lama banget ajig
Ihsan J,1,2026-04-20 14:36:05,"digitalisasi terburuk. sudah daftar sekian kali tetap saja ditolak dengan alasan yang sama sedangkan data sudah sesuai dengan fisik dan lengkap disamsat masih saja ditolak. jangankan ini daftat. kirim OTP saja ga masuk"" email. respon sama lambatnya seperti bekicot sawah. benar"" tidak dapat membantu!!!"
williem huang,1,2026-04-20 14:32:36,otp email lama sekali sehingga kelewat trus mau masuk ke subsidi tepat
arief zhu,3,2026-04-20 14:31:53,"ini gimana sih, mau masuk disuruh masukan OTP, tp OTP nya selalu telat masuk ke email. 1 jam baru masuk,"
MR. DANIELS,1,2026-04-20 14:14:19,apk gblk server jelek nunggu verifikasi kode entah berapa tahun
dalla rahmawan,1,2026-04-20 13:42:41,"lupa password, email-nya gak masuk masuk, sekalinya masuk kadaluarsa kan ngehek"
Fadlullah Arif,1,2026-04-20 13:39:39,email otp tidak segera dikirim
Andrea Nugraha,1,2026-04-20 13:08:05,"Sedih sekali bagaimana aplikasi BUMN milik negara jauh lebih jelek daripada aplikasi Swasta, tidak ada kirim opsi OTP lewat WhatsApp, mengganti nomor hp gagal terus, menunggu kode OTP sampai 30 menit. Kalau tidak mau mensejahterakan rakyat kecil ya sudahlah minimal jangan mempersulit hajat hidup orang."
Rezza Setiawansyah,1,2026-04-20 13:02:57,susah amt otp di imel .kgk di kirim2 parah
Aryan Nur Adha,2,2026-04-20 12:24:15,setelah update kode otw lama
TARMIZI,5,2026-04-20 12:14:04,"pelayanan sudah cukup baik, kebersihan toilet leb8h ditingkatkan lagi"
Memet Tra Ubara,3,2026-04-20 12:12:34,OTP GAK MASUK MASUK. APLIKASI TOLOL TAPI RESPON ULASAN NY CEPAT. JADI B3
Hayin Kurniawan,3,2026-04-20 12:01:32,"akan lebih baiknya untuk aplikasi verifikasi kode ditambah verifikasi via nomer telpon, untuk email susah banget mendapatkan kode verifikasi 🥱"
Kaoskaki Qabeel,1,2026-04-20 11:55:43,aplikasi ini belum siap kaya nya. mau ngirim kode Verifikasi email buat daftar subsidi tepat aja lelet nya minta ampun. waktu nya cuma 1 menit tapi email datang na udah 1-2 jam kemudian pas di masukan kode nya kadaluwarsa. boa edannn.
Hans,3,2026-04-20 11:36:22,"Kode OTP Login Subsidi Tepat yang dikirimkan via email sangat lama (> 1 jam), sehingga kodenya selalu kadaluarsa. Sehingga saya tidak dapat membeli bbm via aplikasi My Pertamina. Adakah solusi untuk kasus ini?"
andy wahyudi Haryanto,1,2026-04-20 11:34:26,kode otp harusnya di isi 60 detik baru terkirim 60 menit berikutnya
Dunia Jaringan,2,2026-04-20 11:32:17,"Lama ga buka Mypertamina , sekali buka minta OTP , udh puluhan kali klik kirim kode OTP ga masuk masuk , sekali masuk kode salah , bisa ga sih jgn nyusahin , klik OTP siang masuk email mlm ga ngotak , woy bisa ga sih jgn nyusahin"
PAPETRAS ADM,1,2026-04-20 11:13:41,"minimal kasih notif lah kalo barcode nya kadaluarsa bjirrrr,mana daftar ulang nya lama 14hr kerja sempakkk 1 KATA.... RIBET...!!!!!!"
Wienarty,1,2026-04-20 10:58:51,"aplikasi g jelas, mempersulit. masak mau nyambungkan ke emial kode OTP nya 1 jam kemudian baru masuk aplikasi g beres"
Nyooto Suryo cahyono,5,2026-04-20 10:51:38,mantab
AD Sasongko,1,2026-04-20 10:24:04,"App sudah saya update, tapi waktu mau cek kendaraan yang sudah terdaftar malah gak bisa. Sudah input NIK dan password, tinggal nunggu konfirmasi email buat input 6 digit malah gak ada email masuk. Ayo dong, perbaiki aplikasinya, masa kalah sama negara sebelah..."
Me?,1,2026-04-20 10:11:36,minimal kasih notih yah jika barkode kadarwarsa susahin orang aja.. 👎👎👎👎👎👎👎
Muh Aidil,2,2026-04-20 10:05:35,"pengiriman pesan ke gmail sangat lambat saya menunggu setengah jam untung menunggu kode, lalu kode itu kadaluwarsa, dan harus menunggu lagi. sangat slow respon bagian pengiriman pesan nya."
taufik heriyanto,1,2026-04-20 10:00:38,gajelas suruh serifikat otp by email dikasih waktu 60 detik sedangkan otp keluar nya 5 menit kocak
Bangkitt Sudrajad,2,2026-04-20 09:46:48,sumpah kayak mau nangis tiap kali masukan kode OTP tetap salah. ya Allah my pertamina kok kalian persulit kami to....?
Adinda Septiana,3,2026-04-20 08:54:14,"knpa kirim verivikaso gmail aj lambat bngt,wktu habis br trkirim"
ahmad rifqi,1,2026-04-20 08:06:57,"Apa apaan sih ini My Pertamina menyulitkan banget? Tidak bisa isi BBM karena belum update poto. Giliran update poto ditolak terus, akhirnya hapus akun. Aku pakai akun anakku tetep gitu. Minta kode OTP email pun tidak masuk"
YURIMAHENDRO CHANNEL,1,2026-04-20 07:59:31,mobil kondisi jalan pajak dll tiba tiba data subsidi tepat di hapus begitu saja wah. jangan semena mena untuk penghapusan barcode subsidi tepat ini boss
adhi tjahyadi,1,2026-04-20 07:57:46,"QR code lama hilang, buka mypertamina login gagal, klik lupa password jawabnya akan kirim ke email, email dicek berjam2 kosong ga ada jawaban"
Zulfadli,1,2026-04-20 07:50:07,"udh daftar tapi nik sama sandi malah salah terus di subsidi pertamina, jgn memperibet rakyat lah."
Joko Suryono,4,2026-04-20 07:35:03,Siang Admind.. Saya mau update aplikasi My pertamina.. Tapi muncul tulisan Aplikasi ini tidak kompatibel lg dengan perangkat anda.. Bagaimana solusinya untuk update nya..?
Rudi Tambunan,1,2026-04-20 07:26:58,"sangat buruk kode otp selalu terlambat masuk , mempersulit kami para pejuang roda ekonomi"
Ardian feri Anggara,1,2026-04-20 06:07:01,lama kali otpnya
Gacorrr Jepe,1,2026-04-20 05:51:52,aplikasibya gmn sih mau buat barcode aja dibuat susahhhhh
Dodi Dodigmc,5,2026-04-20 04:56:02,bagus
Taufik Taufik,4,2026-04-20 04:39:10,kadang lambat
Ateng Septy,3,2026-04-20 03:58:49,"gimana ini koq bisa tiba2 data aplikasi dihapus daftar kembali malah ditolak ga bisa veeifikasi ,sudah dipom bensin dan ga bisa isi solar ,mohon dipermudah aplikasinya jgn dipersulit"
Ronal dial Dimara,5,2026-04-20 03:43:27,bagus
Ahmad Snd,5,2026-04-20 03:39:11,bagus dan sangat membantu
himawan sutanto,3,2026-04-20 03:06:01,ada yg ngalamain buka apl mya susah tidak muncul
Rudy Syahputra,1,2026-04-20 03:00:36,sangat payah....
Yngby Yngby,5,2026-04-20 02:54:55,mantab
Dapit gerr,2,2026-04-20 02:28:46,mau registrasi ulang susah banget
Suko Moro,5,2026-04-20 00:32:16,baguss
haris nur salam,5,2026-04-20 00:06:43,mantab
Arfin Bot,5,2026-04-19 19:57:00,baik dan akurat
Ibrahim 88,1,2026-04-19 16:55:57,poin sudah gk bisa di tuker ke merchand. terus ini poin buat apa coba?
Jerriyan ardi agustino,1,2026-04-19 16:37:06,tidak bisa login
